{
    "general": {
        "title": "VeriDex",
        "icon": "assets/icons/vsf.svg"
    },
    "tokens": [
        {
            "decimals": 18,
            "symbol": "vsf",
            "name": "VeriSafe",
            "primaryColor": "#081e6e",
            "icon": "assets/icons/vsf.svg",
            "addresses": {
                "1": "0xac9ce326e95f51b5005e9fe1dd8085a01f18450c"
            },
            "id": "verisafe",
            "displayDecimals": 0
        },
        {
            "decimals": 18,
            "symbol": "kubo",
            "name": "KuboCoin",
            "primaryColor": "#020202",
            "icon": "assets/icons/kubo.svg",
            "addresses": {
                "1": "0x4f76E85d067e219779A863ff18577846b3152F1F"
            },
            "displayDecimals": 0
        },
        {
            "symbol": "weth",
            "name": "Wrapped Ether",
            "primaryColor": "#3333ff",
            "icon": "assets/icons/weth.svg",
            "addresses": {
                "1": "0xc02aaa39b223fe8d0a0e5c4f27ead9083c756cc2",
                "3": "0xc778417e063141139fce010982780140aa0cd5ab",
                "4": "0xc778417e063141139fce010982780140aa0cd5ab",
                "42": "0xd0a1e359811322d97991e03f863a0c30c2cf029c",
                "50": "0x0b1ba0af832d7c05fd64161e0db78e85978e8082"
            },
            "decimals": 18,
            "displayDecimals": 2,
            "id": "ethereum"
        },
        {
            "decimals": 18,
            "symbol": "nuke",
            "name": "Half Life",
            "primaryColor": "#fb3520",
            "icon": "assets/icons/nuke.svg",
            "addresses": {
                "1": "0xc58c0Fca06908E66540102356f2E91edCaEB8D81"
            },
            "displayDecimals": 0
        },
        {
            "decimals": 18,
            "symbol": "sntvt",
            "name": "Sentivate",
            "primaryColor": "#fe2e57",
            "icon": "assets/icons/sntvt.svg",
            "addresses": {
                "1": "0x7865af71cf0b288b4e7f654f4f7851eb46a2b7f8"
            },
            "displayDecimals": 0
        },
        {
            "decimals": 6,
            "symbol": "ethplo",
            "name": "ETHplode",
            "primaryColor": "#1b95e0",
            "icon": "assets/icons/ethplo.svg",
            "addresses": {
                "1": "0xe0c6ce3e73029f201e5c0bedb97f67572a93711c"
            },
            "displayDecimals": 0
        },
        {
            "symbol": "zrx",
            "name": "0x Protocol Token",
            "primaryColor": "#333333",
            "icon": "assets/icons/zrx.svg",
            "addresses": {
                "1": "0xE41d2489571d322189246DaFA5ebDe1F4699F498",
                "4": "0x8080c7e4b81ecf23aa6f877cfbfd9b0c228c6ffa",
                "5": "0xff67881f8d12f372d91baae9752eb3631ff0ed00",
                "42": "0x2002d3812f58e35f0ea1ffbf80a75a38c32175fa",
                "50": "0x871dd7c2b4b25e1aa18728e9d5f2af4c4e431f5c"
            },
            "decimals": 18,
            "displayDecimals": 2
        },

        {
            "decimals": 18,
            "symbol": "dai",
            "name": "Dai",
            "icon": "assets/icons/dai.svg",
            "primaryColor": "#DEA349",
            "addresses": {
                "1": "0x6b175474e89094c44da98b954eedeac495271d0f",
                "3": "0xfc8862446cd3e4a2e7167e7d97df738407fead07",
                "4": "0x6f2d6ff85efca691aad23d549771160a12f0a0fc",
                "42": "0xc4375b7de8af5a38a93548eb8453a498222c4ff2",
                "50": "0x34d402f14d58e001d8efbe6585051bf9706aa064"
            }
        },
        {
            "decimals": 18,
            "symbol": "mkr",
            "name": "Maker",
            "primaryColor": "#68CCBB",
            "icon": "assets/icons/mkr.svg",
            "addresses": {
                "1": "0x9f8F72aA9304c8B593d555F12eF6589cC3A579A2",
                "3": "0x06732516acd125b6e83c127752ed5f027e1b276e",
                "4": "0xb763e26cd6dd09d16f52dc3c60ebb77e46b03290",
                "42": "0x7B6B10CAa9E8E9552bA72638eA5b47c25afea1f3",
                "50": "0x34d402f14d58e001d8efbe6585051bf9706aa064"
            }
        },
        {
            "decimals": 18,
            "symbol": "rep",
            "name": "Augur",
            "icon": "assets/icons/rep.svg",
            "primaryColor": "#512D80",
            "addresses": {
                "1": "0x1985365e9f78359a9B6AD760e32412f4a445E862",
                "3": "0xb0b443fe0e8a04c4c85e8fda9c5c1ccc057d6653",
                "4": "0x6a732d537daf79d75efaeae286d30fc578fa98d0",
                "42": "0x8CB3971b8EB709C14616BD556Ff6683019E90d9C",
                "50": "0x25b8fe1de9daf8ba351890744ff28cf7dfa8f5e3"
            }
        },
        {
            "decimals": 9,
            "symbol": "dgx",
            "name": "DigixDao",
            "icon": "assets/icons/dgx.svg",
            "primaryColor": "#E1AA3E",
            "addresses": {
                "1": "0xE0B7927c4aF23765Cb51314A0E0521A9645F0E2A",
                "3": "0xc4895a5aafa2708d6bc1294e20ec839aad156b1d",
                "4": "0xc40a46ca4bc8e6057ed571e39cf400f3f935e4d5",
                "42": "0xA4f468c9c692eb6B4b8b06270dAe7A2CfeedcDe9",
                "50": "0xcdb594a32b1cc3479d8746279712c39d18a07fc0"
            }
        },
        {
            "decimals": 18,
            "symbol": "mln",
            "name": "Melon",
            "icon": "assets/icons/mln.svg",
            "primaryColor": "#333333",
            "addresses": {
                "1": "0xec67005c4E498Ec7f55E092bd1d35cbC47C91892",
                "3": "0x823ebe83d39115536274a8617e00a1ff3544fd63",
                "4": "0x521c0941300a18a4edc697368f43a6a870be1f3d",
                "42": "0x17e394D1Df6cE29d042195Ea38411A98ff3Ead94",
                "50": "0x1e2f9e10d02a6b8f8f69fcbf515e75039d2ea30d"
            }
        },
        {
            "decimals": 18,
            "symbol": "ftm",
            "name": "Fantom",
            "primaryColor": "#020202",
            "icon": "assets/icons/ftm.svg",
            "addresses": {
                "1": "0x4e15361fd6b4bb609fa63c81a2be19d873717870"
            },
            "displayDecimals": 0
        }
    ],
    "pairs": [
        {
            "base": "nuke",
            "quote": "weth"
        },
        {
            "base": "vsf",
            "quote": "weth"
        },
        {
            "base": "weth",
            "quote": "dai"
        },
        {
            "base": "mkr",
            "quote": "weth"
        },
        {
            "base": "sntvt",
            "quote": "vsf"
        },
        {
            "base": "sntvt",
            "quote": "weth"
        },
        {
            "base": "nuke",
            "quote": "vsf"
        },
        {
            "base": "ethplo",
            "quote": "vsf"
        },
        {
            "base": "ethplo",
            "quote": "weth"
        },
        {
            "base": "ftm",
            "quote": "vsf"
        },
        {
            "base": "ftm",
            "quote": "weth"
        },
        {
            "base": "mkr",
            "quote": "weth"
        },
        {
            "base": "mkr",
            "quote": "vsf"
        },
        {
            "base": "rep",
            "quote": "vsf"
        },
        {
            "base": "mln",
            "quote": "vsf"
        },
        {
            "base": "zrx",
            "quote": "vsf"
        },
        {
            "base": "zrx",
            "quote": "weth"
        }
    ],
    "marketFilters": [
        {
            "text": "VSF",
            "value": "vsf"
        },
        {
            "text": "ETH",
            "value": "weth"
        }
    ]
}
