{
    "extends": ["@0x/tslint-config"],
    "rules": {
        "custom-no-magic-numbers": false,
        "semicolon": [true, "always", "ignore-bound-class-methods"],
        "max-classes-per-file": false,
        "switch-default": false,
        "no-unnecessary-type-assertion": false,
        "completed-docs": false,
        "promise-function-async": false,
        "interface-name": [true, "never-prefix"],
        "linebreak-style": [true, "LF"]
    },
    "exclude": ["src/charting_library/*", "src/datafeeds/*", "src/util/bzx/contract_wrappers/**/*"],
    "linterOptions": {
        "exclude": ["src/charting_library/**/*", "src/datafeeds/**/*", "src/util/bzx/contract_wrappers/**/*"]
    }
}
